INSERT INTO customers (first_name, last_name, email, phone_number)
VALUES
('Alice', 'Johnson', 'alice.j@example.com', '555-1234'),
('Bob', 'Smith', 'bob.smith@example.com', '555-5678'),
('Charlie', 'Brown', 'charlie.b@example.com', '555-9876'),
('Diana', 'Miller', 'diana.m@example.com', '555-4321'),
('Emma', 'Davis', 'emma.d@example.com', '555-8765'),
('Frank', 'Jones', 'frank.j@example.com', '555-2345'),
('Grace', 'White', 'grace.w@example.com', '555-6789'),
('Henry', 'Taylor', 'henry.t@example.com', '555-5432'),
('Ivy', 'Clark', 'ivy.c@example.com', '555-8901'),
('Jack', 'Moore', 'jack.m@example.com', '555-3456'),
('Katherine', 'Baker', 'katherine.b@example.com', '555-6789'),
('Leo', 'Harris', 'leo.h@example.com', '555-2345'),
('Mia', 'Allen', 'mia.a@example.com', '555-7890'),
('Nathan', 'Young', 'nathan.y@example.com', '555-3456'),
('Olivia', 'Scott', 'olivia.s@example.com', '555-6789'),
('Peter', 'Ward', 'peter.w@example.com', '555-2345'),
('Quinn', 'Hill', 'quinn.h@example.com', '555-7890'),
('Ryan', 'Cooper', 'ryan.c@example.com', '555-3456'),
('Samantha', 'Reed', 'samantha.r@example.com', '555-6789'),
('Thomas', 'Morgan', 'thomas.m@example.com', '555-2345'),
('Eva', 'Williams', 'eva.w@example.com', '555-1111'),
('Frank', 'Davis', 'frank.d@example.com', '555-2222'),
('Grace', 'Clark', 'grace.c@example.com', '555-3333'),
('Harry', 'Evans', 'harry.e@example.com', '555-4444'),
('Ivy', 'Thomas', 'ivy.t@example.com', '555-5555'),
('Jack', 'Moore', 'jack.m@example.com', '555-6666'),
('Katherine', 'Lee', 'katherine.l@example.com', '555-7777'),
('Leo', 'Baker', 'leo.b@example.com', '555-8888'),
('Mia', 'Garcia', 'mia.g@example.com', '555-9999'),
('Noah', 'Taylor', 'noah.t@example.com', '555-0000');


INSERT INTO coffee_products (product_id, product_name, price, size, roast_type)
VALUES
    (1, 'Mocha', 4.50, 'Medium', 'Dark'),
    (2, 'Americano', 3.00, 'Large', 'Medium'),
    (3, 'Macchiato', 3.50, 'Small', 'Light'),
    (4, 'Flat White', 4.00, 'Medium', 'Medium'),
    (5, 'Affogato', 5.00, 'Small', 'Dark'),
    (6, 'Irish Coffee', 6.00, 'Large', 'Medium'),
    (7, 'Turkish Coffee', 3.50, 'Small', 'Dark'),
    (8, 'Café au Lait', 3.50, 'Medium', 'Medium'),
    (9, 'Frappuccino', 5.50, 'Large', 'Light'),
    (10, 'Cubano', 4.00, 'Small', 'Dark'),
    (11, 'Red Eye', 3.00, 'Large', 'Medium'),
    (12, 'Thai Iced Coffee', 4.50, 'Large', 'Medium'),
    (13, 'Vienna Coffee', 4.00, 'Medium', 'Dark'),
    (14, 'Breve', 4.50, 'Large', 'Medium'),
    (15, 'Café de Olla', 3.50, 'Medium', 'Dark'),
    (16, 'Ristretto', 3.00, 'Small', 'Dark'),
    (17, 'Café con Leche', 4.00, 'Medium', 'Medium'),
    (18, 'Bulletproof Coffee', 5.50, 'Large', 'Medium'),
    (19, 'Honey Cinnamon Latte', 4.50, 'Medium', 'Light'),
    (20, 'Green Tea Latte', 4.00, 'Large', 'Light');


INSERT INTO orders (customer_id, product_id, quantity, order_date)
VALUES
(3, 1, 2, '2023-01-15'),
(5, 2, 1, '2023-01-16'),
(8, 3, 3, '2023-01-17'),
(12, 4, 2, '2023-01-18'),
(15, 5, 1, '2023-01-19'),
(2, 6, 2, '2023-01-20'),
(18, 7, 3, '2023-01-21'),
(7, 8, 1, '2023-01-22'),
(21, 9, 2, '2023-01-23'),
(23, 10, 1, '2023-01-24'),
(11, 11, 3, '2023-01-25'),
(14, 12, 2, '2023-01-26'),
(27, 13, 1, '2023-01-27'),
(20, 14, 2, '2023-01-28'),
(22, 15, 3, '2023-01-29'),
(1, 16, 1, '2023-01-30'),
(26, 17, 2, '2023-01-31'),
(17, 18, 1, '2023-02-01'),
(29, 19, 3, '2023-02-02'),
(30, 20, 2, '2023-02-03'),
(4, 1, 2, '2023-02-04'),
(6, 2, 1, '2023-02-05'),
(9, 3, 3, '2023-02-06'),
(13, 4, 2, '2023-02-07'),
(16, 5, 1, '2023-02-08'),
(19, 6, 2, '2023-02-09'),
(24, 7, 3, '2023-02-10'),
(28, 8, 1, '2023-02-11'),
(25, 9, 2, '2023-02-12'),
(10, 10, 1, '2023-02-13');